City_ID,City,Lat,Lng,Max Temp,Humidity,Cloudiness,Wind Speed,Country,Date
0,Meulaboh,4.14,96.13,84.31,71,79,3.91,ID,2020-03-01 05:29:31
1,Saskylakh,71.92,114.08,2.44,90,77,13.42,RU,2020-03-01 05:29:31
2,Yulara,-25.24,130.99,95.0,28,100,16.11,AU,2020-03-01 05:29:31
3,Faanui,-16.48,-151.75,79.83,88,100,36.26,PF,2020-03-01 05:29:31
4,Fortuna,40.6,-124.16,46.99,81,90,5.82,US,2020-03-01 05:29:31
5,Amuntai,-2.42,115.25,91.85,55,100,1.7,ID,2020-03-01 05:29:32
6,Mataura,-46.19,168.86,62.98,58,52,8.77,NZ,2020-03-01 05:29:32
7,Horta,38.53,-28.63,58.51,86,87,22.59,PT,2020-03-01 05:30:46
8,Butaritari,3.07,172.79,82.98,81,96,22.84,KI,2020-03-01 05:29:32
9,Talnakh,69.49,88.4,8.6,84,99,33.55,RU,2020-03-01 05:29:33
10,Port Macquarie,-31.43,152.92,84.2,62,13,14.99,AU,2020-03-01 05:31:20
11,Avarua,-21.21,-159.78,77.0,88,0,12.75,CK,2020-03-01 05:31:20
12,Vaini,-21.2,-175.2,82.4,78,20,8.05,TO,2020-03-01 05:31:20
13,Karratha,-20.74,116.85,85.48,80,25,8.81,AU,2020-03-01 05:29:33
14,Rikitea,-23.12,-134.97,80.11,80,100,14.63,PF,2020-03-01 05:31:20
15,Busselton,-33.65,115.33,82.0,27,47,19.26,AU,2020-03-01 05:29:34
16,Bredasdorp,-34.53,20.04,64.0,87,35,4.7,ZA,2020-03-01 05:29:34
17,Severobaykalsk,55.65,109.32,15.82,82,19,2.42,RU,2020-03-01 05:29:34
18,Pokrovka,42.34,78.01,35.65,82,0,4.68,KG,2020-03-01 05:29:34
19,Praia Da Vitoria,38.73,-27.07,59.0,93,20,27.42,PT,2020-03-01 05:29:34
20,Kushima,31.46,131.23,55.4,76,75,3.36,JP,2020-03-01 05:24:56
21,Noumea,-22.28,166.46,86.0,66,99,12.75,NC,2020-03-01 05:24:35
22,Ostrovnoy,68.05,39.51,26.58,90,100,14.85,RU,2020-03-01 05:29:35
23,Bengkulu,-3.8,102.27,89.92,56,99,5.44,ID,2020-03-01 05:29:35
24,Bimbo,4.26,18.42,73.4,83,75,5.82,CF,2020-03-01 05:29:35
25,Punta Arenas,-53.15,-70.92,55.4,82,97,16.11,CL,2020-03-01 05:29:36
26,La Ronge,55.1,-105.28,21.2,79,90,16.11,CA,2020-03-01 05:29:36
27,Nhulunbuy,-12.23,136.77,87.8,70,100,8.05,AU,2020-03-01 05:29:36
28,Qaanaaq,77.48,-69.36,-25.53,66,0,5.32,GL,2020-03-01 05:29:36
29,Ushuaia,-54.8,-68.3,51.8,87,75,20.8,AR,2020-03-01 05:29:36
30,Chengde,40.97,117.94,37.8,30,17,13.98,CN,2020-03-01 05:29:36
31,Victoria,22.29,114.16,86.0,65,20,6.93,HK,2020-03-01 05:28:13
32,East London,-33.02,27.91,64.4,82,0,6.93,ZA,2020-03-01 05:25:07
33,Hilo,19.73,-155.09,69.8,77,90,8.88,US,2020-03-01 05:29:38
34,Adrar,20.5,-10.07,65.71,15,0,9.57,MR,2020-03-01 05:29:38
35,Soledade,-28.82,-52.51,56.61,88,0,3.85,BR,2020-03-01 05:29:38
36,Bonthe,7.53,-12.51,74.12,95,1,5.03,SL,2020-03-01 05:29:38
37,Lebu,-37.62,-73.65,50.34,94,0,0.96,CL,2020-03-01 05:25:27
38,Iwanai,42.97,140.51,32.25,86,98,3.36,JP,2020-03-01 05:29:38
39,Pevek,69.7,170.31,-4.7,99,100,5.44,RU,2020-03-01 05:29:39
40,Bethel,41.37,-73.41,25.0,48,1,6.93,US,2020-03-01 05:29:39
41,Hithadhoo,-0.6,73.08,82.71,77,33,12.66,MV,2020-03-01 05:26:19
42,Esperance,-33.87,121.9,64.4,68,90,24.16,AU,2020-03-01 05:29:39
43,Hermanus,-34.42,19.23,68.0,84,2,8.99,ZA,2020-03-01 05:29:39
44,Saint Anthony,45.02,-93.22,39.99,80,1,14.99,US,2020-03-01 05:29:39
45,Calama,-22.47,-68.93,53.6,66,0,10.29,CL,2020-03-01 05:29:39
46,Anori,-3.77,-61.64,74.43,92,97,1.03,BR,2020-03-01 05:29:40
47,Port Alfred,-33.59,26.89,66.99,86,0,18.43,ZA,2020-03-01 05:29:40
48,Aldan,58.6,125.39,7.34,84,100,3.62,RU,2020-03-01 05:29:40
49,Barrow,71.29,-156.79,-18.4,82,1,5.82,US,2020-03-01 05:29:40
50,Tasiilaq,65.61,-37.64,15.8,92,100,3.36,GL,2020-03-01 05:29:40
51,Rosetown,51.55,-108.0,27.0,91,77,5.99,CA,2020-03-01 05:29:41
52,Jamestown,42.1,-79.24,28.4,85,90,9.17,US,2020-03-01 05:29:41
53,Hasaki,35.73,140.83,66.0,41,40,5.82,JP,2020-03-01 05:29:41
54,Castro,-24.79,-50.01,55.56,96,45,5.26,BR,2020-03-01 05:29:41
55,Mahebourg,-20.41,57.7,82.4,83,75,4.7,MU,2020-03-01 05:29:42
56,Rodeo,38.03,-122.27,53.01,70,90,13.87,US,2020-03-01 05:25:49
57,Miraflores,19.22,-98.81,64.4,36,5,5.82,MX,2020-03-01 05:29:43
58,Emba,48.83,58.14,29.53,90,97,4.29,KZ,2020-03-01 05:29:44
59,Mar Del Plata,-38.0,-57.56,68.0,100,75,2.24,AR,2020-03-01 05:29:44
60,Jiuquan,39.74,98.52,30.61,46,90,4.68,CN,2020-03-01 05:29:44
61,Chuy,-33.7,-53.46,65.53,88,0,4.41,UY,2020-03-01 05:29:45
62,Luderitz,-26.65,15.16,66.2,93,49,10.29,NA,2020-03-01 05:29:45
63,Ternovka,51.68,41.64,33.31,77,0,7.94,RU,2020-03-01 05:29:45
64,Mogadouro,41.34,-6.71,47.34,90,99,16.8,PT,2020-03-01 05:29:45
65,Atuona,-9.8,-139.03,82.33,77,31,17.18,PF,2020-03-01 05:29:46
66,Severo-Kurilsk,50.68,156.12,24.1,89,96,1.61,RU,2020-03-01 05:29:46
67,Salalah,17.02,54.09,75.2,60,0,3.36,OM,2020-03-01 05:29:46
68,Hobart,-42.88,147.33,73.99,43,75,11.41,AU,2020-03-01 05:28:59
69,Kysyl-Syr,63.9,122.76,2.46,94,66,3.13,RU,2020-03-01 05:29:47
70,Sao Joao Da Barra,-21.64,-41.05,74.05,93,100,1.52,BR,2020-03-01 05:29:47
71,Albany,42.6,-73.97,19.99,62,20,8.05,US,2020-03-01 05:29:48
72,Berbera,10.44,45.01,78.39,71,57,6.46,SO,2020-03-01 05:29:48
73,Katangli,51.71,143.23,18.77,82,99,4.03,RU,2020-03-01 05:29:48
74,Manta,-0.95,-80.73,77.0,88,75,2.24,EC,2020-03-01 05:29:48
75,Palagonia,37.33,14.74,52.0,100,5,6.93,IT,2020-03-01 05:29:48
76,Yellowknife,62.46,-114.35,-16.01,75,20,6.93,CA,2020-03-01 05:29:48
77,Provideniya,64.38,-173.3,-4.23,86,0,14.0,RU,2020-03-01 05:29:48
78,Ibirataia,-14.07,-39.64,67.51,99,5,0.43,BR,2020-03-01 05:29:49
79,Gat,31.61,34.76,59.0,67,75,16.11,IL,2020-03-01 05:29:49
80,Lata,40.16,-8.33,57.99,87,75,13.87,PT,2020-03-01 05:29:49
81,Constitucion,-35.33,-72.42,54.12,90,0,2.01,CL,2020-03-01 05:25:34
82,Saint-Georges,12.06,-61.75,78.8,74,20,20.8,GD,2020-03-01 05:29:49
83,Saldanha,-33.01,17.94,69.8,43,0,2.24,ZA,2020-03-01 05:29:49
84,Kyshtovka,56.55,76.63,32.11,85,73,14.52,RU,2020-03-01 05:29:49
85,Kaduna,10.52,7.44,73.8,18,99,7.45,NG,2020-03-01 05:27:13
86,Geraldton,-28.77,114.6,93.2,30,0,17.22,AU,2020-03-01 05:27:33
87,Rafaela,-31.25,-61.49,73.99,46,0,9.69,AR,2020-03-01 05:29:50
88,San Lorenzo,-25.33,-57.53,73.4,56,0,9.17,PY,2020-03-01 05:29:50
89,Kholmy,51.87,32.6,35.13,67,62,16.28,UA,2020-03-01 05:29:51
90,Kloulklubed,7.04,134.26,86.0,66,75,11.41,PW,2020-03-01 05:29:51
91,Saint-Francois,46.42,3.91,44.6,65,75,2.24,FR,2020-03-01 05:29:51
92,New Norfolk,-42.78,147.06,73.99,43,75,11.41,AU,2020-03-01 05:29:51
93,Arraial Do Cabo,-22.97,-42.03,74.19,92,95,12.21,BR,2020-03-01 05:29:51
94,Ponoka,52.68,-113.58,26.6,86,90,11.41,CA,2020-03-01 05:29:51
95,Hami,42.8,93.45,44.74,26,0,4.9,CN,2020-03-01 05:29:51
96,The Valley,18.22,-63.06,77.0,78,20,12.48,AI,2020-03-01 05:29:52
97,Koslan,63.46,48.9,15.94,92,100,11.21,RU,2020-03-01 05:29:52
98,Saurimo,-9.66,20.39,67.39,82,100,3.44,AO,2020-03-01 05:29:52
99,Norman Wells,65.28,-126.83,-23.8,74,40,2.24,CA,2020-03-01 05:29:52
100,Nikolskoye,59.7,30.79,28.99,92,100,8.95,RU,2020-03-01 05:29:52
101,Sitka,57.05,-135.33,35.6,69,90,5.82,US,2020-03-01 05:26:58
102,Baiyin,36.56,104.21,39.2,38,20,4.47,CN,2020-03-01 05:29:53
103,Tezu,27.92,96.17,80.64,26,29,4.43,IN,2020-03-01 05:29:53
104,Peruibe,-24.32,-47.0,72.77,70,100,5.17,BR,2020-03-01 05:29:53
105,Hambantota,6.12,81.12,86.0,74,40,13.87,LK,2020-03-01 05:29:53
106,Dangtu,31.57,118.49,50.0,87,90,6.71,CN,2020-03-01 05:29:53
107,Kruisfontein,-34.0,24.73,64.99,74,0,6.51,ZA,2020-03-01 05:29:54
108,Aitape,-3.14,142.35,80.67,86,100,17.49,PG,2020-03-01 05:29:54
109,Rawson,-43.3,-65.1,67.19,64,0,16.98,AR,2020-03-01 05:29:54
110,Georgetown,5.41,100.34,93.2,62,20,8.05,MY,2020-03-01 05:27:04
111,Clocolan,-28.91,27.57,58.48,72,0,3.69,ZA,2020-03-01 05:29:55
112,Auki,-8.77,160.7,86.85,63,52,2.1,SB,2020-03-01 05:29:55
113,Teknaf,20.86,92.31,92.61,17,0,3.44,BD,2020-03-01 05:29:55
114,Comodoro Rivadavia,-45.87,-67.5,73.4,49,42,9.17,AR,2020-03-01 05:29:55
115,Dikson,73.51,80.55,12.43,78,100,29.26,RU,2020-03-01 05:29:56
116,Bileca,42.87,18.43,46.4,65,75,11.41,BA,2020-03-01 05:29:56
117,Isangel,-19.55,169.27,80.31,83,100,10.25,VU,2020-03-01 05:29:56
118,Fort Nelson,58.81,-122.7,-4.0,76,40,3.36,CA,2020-03-01 05:29:56
119,Srednekolymsk,67.45,153.68,8.2,82,0,5.03,RU,2020-03-01 05:29:56
120,Ribeira Grande,38.52,-28.7,58.51,86,87,22.59,PT,2020-03-01 05:29:57
121,Tilichiki,60.47,166.1,-2.29,86,0,8.23,RU,2020-03-01 05:29:57
122,Saiha,22.48,92.97,82.53,22,0,5.73,IN,2020-03-01 05:29:57
123,Caloundra,-26.8,153.13,88.0,54,20,9.17,AU,2020-03-01 05:29:07
124,Teguldet,57.31,88.17,23.41,87,90,4.59,RU,2020-03-01 05:29:57
125,Souillac,-20.52,57.52,82.4,83,75,4.7,MU,2020-03-01 05:29:58
126,Azoyu,16.72,-98.73,73.18,88,2,2.3,MX,2020-03-01 05:29:58
127,Khatanga,71.97,102.5,2.28,93,89,12.39,RU,2020-03-01 05:29:58
128,Nabire,-3.37,135.48,85.48,77,100,4.09,ID,2020-03-01 05:27:21
129,Morant Bay,17.88,-76.41,78.01,78,20,8.05,JM,2020-03-01 05:29:58
130,Ancud,-41.87,-73.82,59.0,77,0,6.93,CL,2020-03-01 05:25:40
131,Sayyan,15.17,44.32,67.05,25,9,5.57,YE,2020-03-01 05:29:59
132,Kariba,-16.52,28.8,68.04,94,100,1.36,ZW,2020-03-01 05:29:59
133,Tura,25.52,90.22,91.96,24,0,1.23,IN,2020-03-01 05:29:59
134,Saint George,37.1,-113.58,52.0,37,1,3.36,US,2020-03-01 05:29:59
135,Qena,26.16,32.72,53.6,66,0,3.36,EG,2020-03-01 05:30:00
136,Pochutla,15.74,-96.47,81.21,79,0,15.57,MX,2020-03-01 05:30:00
137,Portland,45.52,-122.68,37.99,80,20,0.96,US,2020-03-01 05:25:30
138,Erbaa,40.67,36.57,46.4,70,90,13.87,TR,2020-03-01 05:30:00
139,Alofi,-19.06,-169.92,82.4,78,1,10.29,NU,2020-03-01 05:30:00
140,Akyab,20.15,92.9,77.18,47,0,8.14,MM,2020-03-01 05:30:00
141,Airai,-8.93,125.41,82.26,61,93,3.4,TL,2020-03-01 05:30:01
142,Challapata,-18.9,-66.77,50.63,72,92,12.3,BO,2020-03-01 05:30:01
143,Cairns,-16.92,145.77,91.4,49,27,11.41,AU,2020-03-01 05:30:01
144,Port Augusta,-32.5,137.77,96.8,11,93,12.75,AU,2020-03-01 05:30:01
145,Cidreira,-30.18,-50.21,72.9,75,0,15.82,BR,2020-03-01 05:30:02
146,Jamame,0.07,42.75,80.64,84,89,11.21,SO,2020-03-01 05:30:02
147,Andros Town,24.7,-77.77,64.99,52,20,12.75,BS,2020-03-01 05:30:02
148,Naryan-Mar,67.67,53.09,17.62,93,100,13.85,RU,2020-03-01 05:30:02
149,Berlevag,70.86,29.09,29.05,69,100,13.85,NO,2020-03-01 05:30:02
150,Mayo,38.89,-76.51,33.8,58,1,12.82,US,2020-03-01 05:28:17
151,Port Elizabeth,-33.92,25.57,62.6,88,0,6.93,ZA,2020-03-01 05:28:05
152,Hamilton,39.18,-84.53,28.99,85,1,4.68,US,2020-03-01 05:30:03
153,Areia Branca,-4.96,-37.14,79.12,83,98,7.96,BR,2020-03-01 05:30:03
154,Moussoro,13.64,16.49,75.33,12,17,13.0,TD,2020-03-01 05:30:03
155,Rio Gallegos,-51.62,-69.22,55.4,71,100,5.82,AR,2020-03-01 05:30:03
156,Alta,69.97,23.27,16.0,92,100,4.7,NO,2020-03-01 05:30:03
157,Bambous Virieux,-20.34,57.76,82.4,83,75,4.7,MU,2020-03-01 05:30:03
158,Vaitape,-16.52,-151.75,79.83,88,100,36.26,PF,2020-03-01 05:30:04
159,Boa Vista,2.82,-60.67,82.4,58,72,13.87,BR,2020-03-01 05:30:04
160,Artyom,40.47,50.33,44.6,93,90,13.87,AZ,2020-03-01 05:30:04
161,Grand-Santi,4.25,-54.38,69.28,94,7,2.3,GF,2020-03-01 05:30:04
162,Guozhen,34.37,107.36,55.49,27,57,10.69,CN,2020-03-01 05:30:04
163,Haapiti,-17.57,-149.87,77.0,94,75,10.29,PF,2020-03-01 05:30:04
164,Dzhalil,55.02,52.74,24.51,91,80,10.58,RU,2020-03-01 05:30:05
165,Matola,-25.96,32.46,69.8,77,40,8.05,MZ,2020-03-01 05:30:05
166,Oktyabrskiy,54.48,53.47,25.74,91,100,7.63,RU,2020-03-01 05:30:05
167,Kamenka,51.32,42.77,30.0,90,0,1.99,RU,2020-03-01 05:30:05
168,Puerto Ayora,-0.74,-90.35,80.01,100,11,5.01,EC,2020-03-01 05:30:06
169,Bluff,-46.6,168.33,65.1,57,60,6.17,NZ,2020-03-01 05:30:06
170,Taoudenni,22.68,-3.98,62.04,18,0,4.79,ML,2020-03-01 05:30:06
171,Clyde River,70.47,-68.59,-25.6,74,1,16.11,CA,2020-03-01 05:30:06
172,Yarada,17.65,83.27,77.76,61,25,1.92,IN,2020-03-01 05:30:06
173,Bathsheba,13.22,-59.52,77.0,73,20,12.75,BB,2020-03-01 05:30:06
174,Ilulissat,69.22,-51.1,-14.8,46,5,2.24,GL,2020-03-01 05:30:06
175,Caravelas,-17.71,-39.25,80.49,78,38,4.5,BR,2020-03-01 05:30:07
176,Yatou,37.15,122.38,44.19,68,89,15.12,CN,2020-03-01 05:30:07
177,Lagoa,39.05,-27.98,61.83,82,98,28.19,PT,2020-03-01 05:30:07
178,Cape Town,-33.93,18.42,62.01,82,0,3.36,ZA,2020-03-01 05:25:43
179,Texarkana,33.43,-94.05,60.01,41,1,11.41,US,2020-03-01 05:30:08
180,Garissa,-0.45,39.64,82.89,65,91,5.68,KE,2020-03-01 05:30:08
181,Cherskiy,68.75,161.3,-4.63,94,2,5.88,RU,2020-03-01 05:30:08
182,Kopervik,59.28,5.31,39.99,76,75,16.11,NO,2020-03-01 05:30:08
183,Kavieng,-2.57,150.8,85.44,67,76,1.25,PG,2020-03-01 05:30:08
184,Torbay,47.67,-52.73,19.0,78,5,5.82,CA,2020-03-01 05:30:09
185,San Patricio,19.22,-104.7,76.35,71,0,6.4,MX,2020-03-01 05:30:09
186,Cap Malheureux,-19.98,57.61,82.4,83,75,4.7,MU,2020-03-01 05:30:09
187,Homer,59.64,-151.55,35.6,74,90,4.7,US,2020-03-01 05:30:09
188,Lavrentiya,65.58,-171.0,-7.06,89,0,8.12,RU,2020-03-01 05:30:09
189,Flinders,-34.58,150.86,89.01,54,59,14.99,AU,2020-03-01 05:30:09
190,Belaya Gora,68.53,146.42,2.73,77,0,5.08,RU,2020-03-01 05:30:09
191,Atambua,-9.11,124.89,84.4,66,88,6.42,ID,2020-03-01 05:30:10
192,Guerrero Negro,27.98,-114.06,61.11,64,97,10.29,MX,2020-03-01 05:30:10
193,Najran,17.49,44.13,66.2,32,0,4.65,SA,2020-03-01 05:30:10
194,Finschhafen,-6.6,147.87,87.13,64,6,6.35,PG,2020-03-01 05:30:10
195,Buluang,13.31,123.34,82.08,58,8,8.55,PH,2020-03-01 05:30:10
196,Umtata,-31.59,28.78,64.4,82,20,1.12,ZA,2020-03-01 05:30:10
197,Codrington,-38.27,141.97,62.65,82,100,22.75,AU,2020-03-01 05:30:10
198,Kapaa,22.08,-159.32,75.2,69,75,25.28,US,2020-03-01 05:30:11
199,Nishihara,26.18,127.76,77.0,78,75,17.22,JP,2020-03-01 05:30:11
200,Thompson,55.74,-97.86,21.2,92,90,8.05,CA,2020-03-01 05:30:11
201,Namibe,-15.2,12.15,73.38,76,6,2.55,AO,2020-03-01 05:30:11
202,Asau,46.43,26.4,37.0,86,100,17.22,RO,2020-03-01 05:30:12
203,Ystad,55.43,13.82,39.2,86,21,17.22,SE,2020-03-01 05:30:12
204,Tuktoyaktuk,69.45,-133.04,-27.4,67,20,5.82,CA,2020-03-01 05:30:12
205,San Ramon,37.78,-121.98,52.0,57,90,28.86,US,2020-03-01 05:30:12
206,Catamarca,-28.47,-65.79,53.01,85,0,4.38,AR,2020-03-01 05:30:02
207,Gao,16.64,1.64,70.48,11,0,11.92,ML,2020-03-01 05:30:12
208,Panzhihua,26.59,101.71,76.93,24,0,2.35,CN,2020-03-01 05:30:12
209,Madaoua,14.07,5.96,69.98,12,28,8.59,NE,2020-03-01 05:30:13
210,Ahipara,-35.17,173.17,80.01,71,100,6.15,NZ,2020-03-01 05:30:13
211,Nanortalik,60.14,-45.24,13.75,64,0,16.02,GL,2020-03-01 05:30:13
212,Vila Velha,-20.33,-40.29,75.2,94,90,1.92,BR,2020-03-01 05:30:13
213,Belluno,46.15,12.22,46.99,93,75,6.93,IT,2020-03-01 05:30:13
214,Westport,41.14,-73.36,27.0,38,1,11.41,US,2020-03-01 05:30:13
215,Kodiak,57.79,-152.41,33.8,86,1,1.99,US,2020-03-01 05:30:14
216,Muzhi,65.37,64.67,27.99,82,98,20.27,RU,2020-03-01 05:30:14
217,Leshukonskoye,64.9,45.76,16.11,94,99,7.11,RU,2020-03-01 05:30:14
218,Upernavik,72.79,-56.15,-25.85,88,80,3.13,GL,2020-03-01 05:30:14
219,Guatire,10.48,-66.54,66.99,98,75,8.05,VE,2020-03-01 05:30:14
220,Hanyang,32.14,105.51,61.0,29,93,1.99,CN,2020-03-01 05:30:14
221,Tazovskiy,67.47,78.7,18.48,86,100,29.75,RU,2020-03-01 05:30:15
222,Bernalillo,35.05,-106.67,50.0,22,40,6.93,US,2020-03-01 05:30:15
223,Dingle,11.0,122.67,85.17,60,69,11.43,PH,2020-03-01 05:30:15
224,Kindu,-2.95,25.95,74.23,94,83,1.05,CD,2020-03-01 05:30:15
225,Abu Samrah,35.3,37.18,45.18,82,100,12.37,SY,2020-03-01 05:30:15
226,Sabratah,32.79,12.49,64.27,56,63,8.3,LY,2020-03-01 05:30:15
227,Saint-Philippe,-21.36,55.77,86.0,70,27,4.7,RE,2020-03-01 05:30:15
228,Ardakan,32.31,54.02,55.4,30,0,2.24,IR,2020-03-01 05:30:16
229,Biak,-0.91,122.88,89.26,67,83,9.13,ID,2020-03-01 05:30:16
230,Tiksi,71.69,128.87,-0.29,84,43,9.15,RU,2020-03-01 05:30:16
231,Le Port,-20.94,55.29,86.0,70,47,4.7,RE,2020-03-01 05:30:16
232,Iberia,29.95,-91.75,55.99,87,1,5.82,US,2020-03-01 05:30:16
233,San Juan,-31.54,-68.54,79.83,24,0,17.27,AR,2020-03-01 05:30:16
234,Pathein,16.78,94.73,83.03,47,0,10.63,MM,2020-03-01 05:30:16
235,Vao,-22.67,167.48,80.33,84,78,13.56,NC,2020-03-01 05:30:17
236,Tagusao,9.19,117.81,84.45,64,84,10.13,PH,2020-03-01 05:30:17
237,Muroto,33.28,134.15,59.0,72,75,6.93,JP,2020-03-01 05:30:14
238,Shache,38.42,77.24,50.65,37,100,8.46,CN,2020-03-01 05:30:17
239,Manisa,38.83,28.17,36.34,81,48,2.89,TR,2020-03-01 05:30:17
240,Fairbanks,64.84,-147.72,3.99,76,75,4.36,US,2020-03-01 05:30:17
241,Soyo,-6.13,12.37,73.74,92,100,3.83,AO,2020-03-01 05:30:17
242,Praia,14.92,-23.51,71.6,73,82,16.11,CV,2020-03-01 05:30:18
243,Miranda,3.25,-76.23,73.4,78,75,3.36,CO,2020-03-01 05:30:18
244,Pangnirtung,66.15,-65.71,-20.29,90,50,2.75,CA,2020-03-01 05:30:18
245,Diffa,13.32,12.61,74.43,19,44,10.63,NE,2020-03-01 05:30:18
246,Hovd,48.01,91.64,29.16,30,0,5.66,MN,2020-03-01 05:30:18
247,Panaba,21.28,-88.27,64.2,74,0,7.87,MX,2020-03-01 05:30:18
248,Batemans Bay,-35.72,150.18,87.01,56,50,8.99,AU,2020-03-01 05:30:18
249,Port Lincoln,-34.73,135.87,65.73,82,100,17.11,AU,2020-03-01 05:30:19
250,Sabha,27.04,14.43,56.66,35,0,10.25,LY,2020-03-01 05:30:20
251,Rio Grande,-32.03,-52.1,66.99,93,0,8.77,BR,2020-03-01 05:30:20
252,Petatlan,17.52,-101.27,78.82,74,0,6.04,MX,2020-03-01 05:30:20
253,Kaeo,-35.1,173.78,80.01,71,78,9.04,NZ,2020-03-01 05:30:20
254,Beyneu,45.32,55.2,44.02,65,45,5.99,KZ,2020-03-01 05:30:20
255,Schwedt,53.06,14.28,42.01,81,8,12.66,DE,2020-03-01 05:30:20
256,Paamiut,61.99,-49.67,-3.05,54,0,7.09,GL,2020-03-01 05:30:21
257,Necochea,-38.55,-58.74,63.0,97,0,5.01,AR,2020-03-01 05:30:21
258,Cuamba,-14.8,36.54,72.63,83,77,8.5,MZ,2020-03-01 05:30:22
259,Lorengau,-2.02,147.27,82.94,78,99,7.09,PG,2020-03-01 05:30:22
260,Talaya,61.38,152.75,-2.15,99,99,0.49,RU,2020-03-01 05:30:22
261,Worland,44.02,-107.96,35.6,74,1,6.93,US,2020-03-01 05:25:28
262,Tupik,54.43,119.93,11.41,84,98,2.59,RU,2020-03-01 05:30:22
263,Katsuura,35.13,140.3,66.0,51,75,6.93,JP,2020-03-01 05:30:22
264,Kiunga,-6.12,141.29,86.07,64,100,1.86,PG,2020-03-01 05:30:22
265,Ibotirama,-12.19,-43.22,72.03,91,100,1.28,BR,2020-03-01 05:30:23
266,Sao Filipe,14.9,-24.5,71.38,62,21,22.66,CV,2020-03-01 05:30:23
267,Matara,5.95,80.54,91.87,45,49,8.3,LK,2020-03-01 05:30:03
268,Bardiyah,31.76,25.09,56.5,67,5,8.46,LY,2020-03-01 05:30:24
269,Providencia,28.72,-111.58,68.0,30,90,8.19,MX,2020-03-01 05:30:24
270,Kulhudhuffushi,6.62,73.07,82.58,73,50,9.19,MV,2020-03-01 05:30:24
271,Mnogovershinnyy,53.94,139.92,9.01,91,73,2.17,RU,2020-03-01 05:30:24
272,Grindavik,63.84,-22.43,35.6,74,100,18.34,IS,2020-03-01 05:30:24
273,Emilio Carranza,19.97,-96.61,70.74,78,81,23.87,MX,2020-03-01 05:30:24
274,Kitgum,3.28,32.89,82.22,39,96,2.66,UG,2020-03-01 05:30:25
275,Hokitika,-42.72,170.97,61.57,63,93,8.57,NZ,2020-03-01 05:30:26
276,Quelimane,-17.88,36.89,77.79,90,33,13.69,MZ,2020-03-01 05:30:26
277,Araguacu,-12.93,-49.83,72.7,97,100,3.33,BR,2020-03-01 05:30:26
278,Maua,-23.67,-46.46,71.01,88,90,13.87,BR,2020-03-01 05:30:27
279,Longyearbyen,78.22,15.64,3.2,54,20,12.75,SJ,2020-03-01 05:30:27
280,Effium,6.63,8.06,82.4,78,40,4.7,NG,2020-03-01 05:30:27
281,Kiama,-34.68,150.87,90.0,54,59,14.99,AU,2020-03-01 05:29:17
282,Iqaluit,63.75,-68.51,-18.0,75,40,3.36,CA,2020-03-01 05:30:28
283,Tutoia,-2.76,-42.27,74.93,94,100,2.95,BR,2020-03-01 05:30:28
284,Isiolo,0.35,37.58,81.18,46,7,2.28,KE,2020-03-01 05:30:28
285,King City,36.21,-121.13,50.0,66,20,11.41,US,2020-03-01 05:28:13
286,Savalou,7.93,1.98,75.97,91,95,3.78,BJ,2020-03-01 05:30:29
287,Tiarei,-17.53,-149.33,77.0,94,75,10.29,PF,2020-03-01 05:30:29
288,Quatre Cocos,-20.21,57.76,82.4,83,75,4.7,MU,2020-03-01 05:30:29
289,Ust-Nera,64.57,143.2,-11.2,94,62,3.83,RU,2020-03-01 05:30:29
290,Mogadishu,2.04,45.34,80.58,77,100,12.53,SO,2020-03-01 05:30:29
291,Henties Bay,-22.12,14.28,66.87,82,100,2.68,NA,2020-03-01 05:30:30
292,Raymond,43.9,-70.47,19.4,66,1,6.93,US,2020-03-01 05:30:30
293,Kalanchak,46.26,33.29,33.01,86,0,5.14,UA,2020-03-01 05:30:31
294,Rocha,-34.48,-54.33,62.85,96,26,6.26,UY,2020-03-01 05:30:31
295,Xinzhi,36.5,111.7,44.67,21,7,14.72,CN,2020-03-01 05:30:31
296,Zatoka,46.07,30.47,37.4,93,47,8.95,UA,2020-03-01 05:30:31
297,Johnstown,40.33,-78.92,26.01,67,1,13.87,US,2020-03-01 05:30:31
298,Goroka,-6.08,145.39,68.43,92,72,3.62,PG,2020-03-01 05:30:32
299,Rangapara,26.82,92.65,74.68,39,32,4.88,IN,2020-03-01 05:25:53
300,Cankuzo,-3.13,30.58,66.83,90,87,1.74,BI,2020-03-01 05:30:32
301,Kahului,20.89,-156.47,69.8,68,1,10.29,US,2020-03-01 05:30:32
302,Swellendam,-34.02,20.44,60.8,87,0,4.7,ZA,2020-03-01 05:30:32
303,Muros,42.78,-9.06,59.0,87,40,12.75,ES,2020-03-01 05:30:32
304,Ponta Do Sol,32.67,-17.1,62.01,77,20,3.36,PT,2020-03-01 05:30:33
305,Amga,60.9,131.96,11.55,86,23,3.42,RU,2020-03-01 05:30:33
306,Mount Gambier,-37.83,140.77,75.2,47,90,12.75,AU,2020-03-01 05:30:33
307,Beringovskiy,63.05,179.32,-4.54,87,9,21.07,RU,2020-03-01 05:30:33
308,Mandera,3.94,41.87,81.21,55,67,5.19,KE,2020-03-01 05:30:33
309,Khvorostyanka,52.61,48.96,27.73,87,67,6.13,RU,2020-03-01 05:30:34
310,Akdepe,42.06,59.38,46.4,75,100,6.93,TM,2020-03-01 05:30:34
311,Washington,47.5,-120.5,37.4,47,1,9.17,US,2020-03-01 05:25:52
312,Faya,18.39,42.45,60.8,47,5,11.41,SA,2020-03-01 05:30:34
313,Bontang,0.13,117.5,84.99,69,94,9.64,ID,2020-03-01 05:30:34
314,Ljungby,56.83,13.94,39.2,93,75,11.41,SE,2020-03-01 05:30:34
315,Chokurdakh,70.63,147.92,-4.25,85,0,5.66,RU,2020-03-01 05:30:34
316,Bolgatanga,10.79,-0.85,73.8,11,0,8.03,GH,2020-03-01 05:30:02
317,Temuco,-38.73,-72.6,59.0,93,0,1.12,CL,2020-03-01 05:30:35
318,Cabo San Lucas,22.89,-109.91,66.0,55,5,8.97,MX,2020-03-01 05:30:35
319,Narsaq,60.92,-46.05,5.0,38,0,4.7,GL,2020-03-01 05:30:35
320,Waipawa,-41.41,175.52,72.0,64,82,9.17,NZ,2020-03-01 05:30:35
321,Bermejo,-32.88,-68.8,77.0,41,8,1.63,AR,2020-03-01 05:30:35
322,Kirensk,57.79,108.11,20.91,82,95,2.64,RU,2020-03-01 05:30:35
323,Margate,51.38,1.39,43.0,87,66,17.22,GB,2020-03-01 05:30:36
324,Vostok,46.49,135.88,24.71,88,100,4.25,RU,2020-03-01 05:28:22
325,Jinxiang,22.86,115.7,78.01,75,1,3.0,CN,2020-03-01 05:30:36
326,Hofn,64.25,-15.21,39.92,67,100,45.54,IS,2020-03-01 05:30:37
327,Brae,60.4,-1.35,41.0,75,70,23.04,GB,2020-03-01 05:30:37
328,Dolores,-36.31,-57.68,64.83,85,11,8.68,AR,2020-03-01 05:30:37
329,Trinidad,-14.83,-64.9,70.41,65,51,3.49,BO,2020-03-01 05:30:37
330,Kaitangata,-46.28,169.85,57.6,86,41,14.54,NZ,2020-03-01 05:30:37
331,Ongole,15.5,80.05,86.99,48,79,11.63,IN,2020-03-01 05:30:38
332,Seoul,37.57,126.98,51.8,75,75,5.82,KR,2020-03-01 05:25:56
333,Fort Smith,35.39,-94.4,59.0,62,1,5.82,US,2020-03-01 05:30:38
334,Petropavlovsk-Kamchatskiy,53.05,158.65,32.0,79,61,6.71,RU,2020-03-01 05:30:38
335,Sokolskoye,57.14,43.16,25.32,76,39,11.99,RU,2020-03-01 05:30:39
336,Bayir,37.27,28.22,39.2,86,42,3.36,TR,2020-03-01 05:30:39
337,Tyrma,50.08,132.17,24.03,81,98,0.74,RU,2020-03-01 05:30:40
338,Lindas,60.74,5.16,35.6,80,75,23.04,NO,2020-03-01 05:30:40
339,Navrongo,10.9,-1.09,73.8,11,0,8.03,GH,2020-03-01 05:30:40
340,Lompoc,34.64,-120.46,52.0,76,75,3.36,US,2020-03-01 05:30:40
341,Sakakah,29.97,40.21,53.6,54,0,13.87,SA,2020-03-01 05:30:40
342,Moranbah,-22.0,148.05,90.45,33,0,12.33,AU,2020-03-01 05:30:40
343,Jasper,37.2,-94.35,57.0,47,1,13.87,US,2020-03-01 05:30:40
344,Elko,41.0,-115.5,37.4,55,90,12.75,US,2020-03-01 05:30:41
345,Les Cayes,18.2,-73.75,78.03,78,19,11.16,HT,2020-03-01 05:30:41
346,Jaciara,-15.97,-54.97,70.32,95,100,1.68,BR,2020-03-01 05:30:41
347,Makakilo City,21.35,-158.09,73.4,82,75,13.87,US,2020-03-01 05:30:41
348,Inongo,-1.95,18.27,73.54,94,100,5.03,CD,2020-03-01 05:30:41
349,Huercal-Overa,37.39,-1.95,48.99,80,100,8.01,ES,2020-03-01 05:30:41
350,Anadyr,64.75,177.48,-13.0,83,0,13.42,RU,2020-03-01 05:30:41
351,Touros,-5.2,-35.46,77.0,94,75,3.36,BR,2020-03-01 05:30:42
352,Dharchula,29.85,80.53,46.92,46,90,6.51,IN,2020-03-01 05:30:42
353,Buala,-8.14,159.59,85.42,68,61,6.04,SB,2020-03-01 05:30:42
354,Juliaca,-15.5,-70.13,47.21,79,95,6.4,PE,2020-03-01 05:30:42
355,Morondava,-20.28,44.28,81.81,63,0,3.09,MG,2020-03-01 05:30:42
356,Loding,67.3,14.75,17.6,85,20,8.05,NO,2020-03-01 05:30:42
357,Parelhas,-6.69,-36.66,74.19,84,39,8.79,BR,2020-03-01 05:30:42
358,Manado,1.49,124.85,78.8,94,75,4.7,ID,2020-03-01 05:30:43
359,Ossora,59.24,163.07,6.78,75,0,7.65,RU,2020-03-01 05:30:43
360,Sinnamary,5.38,-52.95,78.24,83,27,15.19,GF,2020-03-01 05:30:43
361,Iskateley,67.68,53.15,17.62,93,100,13.85,RU,2020-03-01 05:30:43
362,Okha,53.57,142.95,11.98,94,100,8.72,RU,2020-03-01 05:30:43
363,San Policarpo,12.18,125.51,80.51,66,0,7.38,PH,2020-03-01 05:30:43
364,Deer Lake,49.17,-57.43,10.4,92,75,2.24,CA,2020-03-01 05:30:43
365,Ixtapa,20.7,-105.2,73.0,94,5,2.24,MX,2020-03-01 05:30:44
366,Uige,-7.61,15.06,65.79,97,100,4.65,AO,2020-03-01 05:30:44
367,Moose Factory,51.26,-80.61,-20.2,75,1,5.73,CA,2020-03-01 05:30:44
368,Bayangol,50.7,103.47,19.94,57,100,9.4,RU,2020-03-01 05:30:44
369,Ahuimanu,21.44,-157.84,73.4,82,75,13.87,US,2020-03-01 05:30:44
370,Khandyga,62.67,135.6,8.76,82,0,2.39,RU,2020-03-01 05:30:44
371,Komsomolskiy,40.43,71.72,48.2,70,32,2.37,UZ,2020-03-01 05:30:44
372,Ponta Delgada,37.73,-25.67,62.6,82,75,18.34,PT,2020-03-01 05:30:45
373,Okhotsk,59.38,143.3,16.7,80,12,7.0,RU,2020-03-01 05:30:45
374,Aquiraz,-3.9,-38.39,80.6,78,40,3.36,BR,2020-03-01 05:28:02
375,Ishigaki,24.34,124.16,66.2,100,75,8.05,JP,2020-03-01 05:24:53
376,Tigil,57.8,158.67,7.16,85,23,5.79,RU,2020-03-01 05:28:02
377,Maumere,-8.62,122.21,84.79,68,90,11.65,ID,2020-03-01 05:28:03
378,Natividade,-21.04,-41.97,67.87,97,100,1.05,BR,2020-03-01 05:28:03
379,Oxbow,49.23,-102.17,36.0,80,90,18.34,CA,2020-03-01 05:28:03
380,Smithers,54.78,-127.17,26.6,79,20,3.36,CA,2020-03-01 05:28:03
381,Banjar,-8.19,114.97,87.8,79,40,13.87,ID,2020-03-01 05:25:15
382,San Francisco,37.77,-122.42,52.0,66,90,34.45,US,2020-03-01 05:26:27
383,Barcelona,41.39,2.16,57.99,87,20,6.93,ES,2020-03-01 05:27:29
384,Xining,36.62,101.77,31.23,50,100,7.54,CN,2020-03-01 05:28:04
385,Goderich,43.75,-81.72,30.0,73,74,1.99,CA,2020-03-01 05:30:46
386,Zhigansk,66.77,123.37,-4.59,96,82,5.68,RU,2020-03-01 05:30:46
387,Hirara,24.8,125.28,77.0,78,75,19.46,JP,2020-03-01 05:29:47
388,Dunedin,-45.87,170.5,64.0,62,15,11.99,NZ,2020-03-01 05:27:43
389,Pitimbu,-7.47,-34.81,78.8,88,75,5.82,BR,2020-03-01 05:28:04
390,Chabahar,25.29,60.64,75.2,57,0,3.4,IR,2020-03-01 05:28:04
391,Baruun-Urt,46.68,113.28,15.4,82,0,10.38,MN,2020-03-01 05:28:05
392,Sabang,5.89,95.32,83.01,75,4,16.87,ID,2020-03-01 05:28:05
393,Padang,-0.95,100.35,84.51,62,100,1.12,ID,2020-03-01 05:28:05
394,Jumla,29.27,82.18,41.0,89,73,5.23,NP,2020-03-01 05:28:05
395,Nueva Gorgona,8.55,-79.87,78.01,78,0,5.82,PA,2020-03-01 05:28:06
396,Eureka,40.8,-124.16,46.99,70,1,10.29,US,2020-03-01 05:28:06
397,Iranshahr,27.2,60.68,69.8,21,13,4.7,IR,2020-03-01 05:28:06
398,Leopold,-38.18,144.47,90.0,31,40,12.75,AU,2020-03-01 05:28:06
399,Polyarnyy,69.2,33.45,-22.0,74,20,2.24,RU,2020-03-01 05:28:06
400,Fenoarivo Atsinanana,-17.37,49.42,81.36,65,1,7.25,MG,2020-03-01 05:28:06
401,Arvin,35.21,-118.83,61.0,33,1,14.99,US,2020-03-01 05:28:06
402,Nago,26.59,127.98,77.0,77,90,13.87,JP,2020-03-01 05:28:07
403,Ilheus,-14.79,-39.05,77.0,94,40,4.7,BR,2020-03-01 05:28:07
404,Nedjo,9.5,35.5,76.3,12,67,2.98,ET,2020-03-01 05:28:07
405,Klaksvik,62.23,-6.59,37.4,86,100,21.92,FO,2020-03-01 05:28:07
406,Nong Ki,14.69,102.54,96.8,41,20,4.7,TH,2020-03-01 05:28:07
407,Boromo,11.75,-2.93,69.64,11,0,3.2,BF,2020-03-01 05:28:07
408,Tonekabon,36.82,50.87,51.8,93,75,2.24,IR,2020-03-01 05:28:07
409,Merauke,-8.47,140.33,87.96,69,48,2.64,ID,2020-03-01 05:28:08
410,Urumqi,43.8,87.6,35.6,64,40,2.24,CN,2020-03-01 05:28:08
411,Mlonggo,-6.53,110.7,86.0,70,40,12.75,ID,2020-03-01 05:28:08
412,Sao Miguel Do Araguaia,-13.28,-50.16,73.17,98,100,2.95,BR,2020-03-01 05:28:08
413,Sidi Ali,36.1,0.42,52.43,87,100,6.4,DZ,2020-03-01 05:28:08
414,Tirano,46.22,10.17,41.0,92,75,8.05,IT,2020-03-01 05:24:59
415,Qaqortoq,60.72,-46.03,5.0,38,0,4.7,GL,2020-03-01 05:28:09
416,Port Hardy,50.7,-127.42,37.4,86,75,6.93,CA,2020-03-01 05:28:09
417,Basoko,1.24,23.62,79.54,59,33,2.33,CD,2020-03-01 05:28:09
418,Mo I Rana,66.31,14.14,8.01,84,0,2.24,NO,2020-03-01 05:28:09
419,Asfi,32.3,-9.24,51.42,90,38,7.78,MA,2020-03-01 05:28:09
420,Batticaloa,7.71,81.69,82.96,72,55,9.82,LK,2020-03-01 05:28:09
421,Ajdabiya,30.76,20.23,57.07,63,0,7.54,LY,2020-03-01 05:28:09
422,Rabo De Peixe,37.8,-25.58,62.6,82,75,18.34,PT,2020-03-01 05:28:10
423,Luau,-10.71,22.22,63.84,95,100,2.86,AO,2020-03-01 05:28:10
424,Antalaha,-14.9,50.28,80.38,71,19,6.69,MG,2020-03-01 05:28:10
425,Jiwani,25.05,61.74,72.95,60,0,3.83,PK,2020-03-01 05:28:10
426,Maralal,1.1,36.7,74.73,50,46,3.62,KE,2020-03-01 05:28:11
427,Patitirion,39.15,23.87,42.8,81,40,7.99,GR,2020-03-01 05:28:11
428,Port Blair,11.67,92.75,81.03,74,2,11.16,IN,2020-03-01 05:24:58
429,Carauari,-4.88,-66.9,74.57,93,97,1.41,BR,2020-03-01 05:28:12
430,Ratholo,-22.72,27.57,62.8,68,79,13.94,BW,2020-03-01 05:28:12
431,Yanam,16.73,82.22,88.09,43,41,6.06,IN,2020-03-01 05:28:12
432,Babati,-4.22,35.75,71.1,85,100,1.16,TZ,2020-03-01 05:28:12
433,Madhoganj,27.12,80.15,80.78,38,16,7.07,IN,2020-03-01 05:28:12
434,Dinkelsbuhl,49.07,10.32,45.0,100,1,12.75,DE,2020-03-01 05:28:12
435,Pangody,65.85,74.49,28.92,93,100,25.23,RU,2020-03-01 05:28:13
436,Ust-Tsilma,65.44,52.15,15.71,86,91,9.24,RU,2020-03-01 05:28:13
437,Dukat,62.55,155.55,-2.13,94,8,4.56,RU,2020-03-01 05:28:13
438,Bay Roberts,47.6,-53.26,19.0,78,5,5.82,CA,2020-03-01 05:28:14
439,Luocheng,29.38,104.03,59.74,72,100,6.78,CN,2020-03-01 05:28:05
440,Ostersund,63.18,14.64,10.4,92,100,3.36,SE,2020-03-01 05:28:14
441,Bac Lieu,9.29,105.72,89.67,48,40,13.94,VN,2020-03-01 05:26:49
442,Muisne,0.6,-80.03,75.76,91,100,3.67,EC,2020-03-01 05:28:14
443,Mandalgovi,45.76,106.27,24.71,47,100,15.41,MN,2020-03-01 05:28:14
444,Grootfontein,-19.57,18.12,62.6,93,75,10.29,NA,2020-03-01 05:28:14
445,Pisco,-13.7,-76.22,71.6,88,20,12.75,PE,2020-03-01 05:28:15
446,Kumba,4.64,9.45,78.13,90,51,0.89,CM,2020-03-01 05:28:15
447,Dali,25.7,100.18,66.02,27,0,6.78,CN,2020-03-01 05:25:28
448,Zdvinsk,54.7,78.66,29.93,86,100,12.17,RU,2020-03-01 05:28:15
449,Half Moon Bay,37.46,-122.43,52.0,71,90,20.8,US,2020-03-01 05:28:15
450,Eregli,37.51,34.05,37.24,83,92,4.05,TR,2020-03-01 05:28:16
451,Bambanglipuro,-7.95,110.28,87.33,65,94,9.19,ID,2020-03-01 05:28:16
452,Nador,35.17,-2.93,59.0,77,75,4.65,MA,2020-03-01 05:28:16
453,Ayagoz,47.97,80.44,30.72,73,0,13.65,KZ,2020-03-01 05:28:17
454,Itoman,26.12,127.67,77.0,78,75,17.22,JP,2020-03-01 05:28:17
455,Luena,-11.78,19.92,62.69,85,98,2.28,AO,2020-03-01 05:28:17
456,Aksarka,66.56,67.8,30.09,95,100,25.26,RU,2020-03-01 05:28:17
457,Carnarvon,-24.87,113.63,84.2,66,12,23.04,AU,2020-03-01 05:27:27
458,Nantucket,41.28,-70.1,26.6,49,1,17.22,US,2020-03-01 05:28:17
459,Tabuk,17.42,121.44,85.87,53,0,5.59,PH,2020-03-01 05:28:17
460,Mahibadhoo,3.78,72.97,81.91,73,32,12.84,MV,2020-03-01 05:28:18
461,Benjamin Constant,-4.38,-70.03,78.8,100,40,0.49,BR,2020-03-01 05:28:18
462,Sirnak,37.52,42.46,43.03,80,75,8.43,TR,2020-03-01 05:28:18
463,Chudovo,59.12,31.68,29.95,87,99,11.25,RU,2020-03-01 05:28:18
464,Atar,20.52,-13.05,66.09,14,0,8.5,MR,2020-03-01 05:28:18
465,Majene,-3.54,118.97,87.33,66,95,6.44,ID,2020-03-01 05:23:30
466,Japura,-0.32,102.35,93.54,42,99,3.89,ID,2020-03-01 05:28:18
467,Sao Lourenco Do Sul,-31.37,-51.98,66.99,93,0,6.17,BR,2020-03-01 05:28:19
468,Emerald,-23.53,148.17,93.2,36,0,6.93,AU,2020-03-01 05:28:19
469,Yar-Sale,66.83,70.83,28.53,88,100,24.58,RU,2020-03-01 05:28:19
470,Saint-Joseph,-21.37,55.62,86.0,70,14,4.7,RE,2020-03-01 05:28:19
471,Tondano,1.3,124.91,78.8,94,75,4.7,ID,2020-03-01 05:28:19
472,Magadi,12.97,77.23,82.99,61,20,5.82,IN,2020-03-01 05:28:19
473,Aklavik,68.22,-135.01,-16.6,68,20,6.93,CA,2020-03-01 05:28:19
474,Vardo,70.37,31.11,26.06,93,80,12.57,NO,2020-03-01 05:28:20
475,Zilair,52.23,57.44,31.46,98,100,4.32,RU,2020-03-01 05:28:20
476,Phangnga,8.45,98.53,91.4,49,46,9.17,TH,2020-03-01 05:28:20
477,Mufulira,-12.55,28.24,65.73,96,100,6.78,ZM,2020-03-01 05:28:21
478,Santa Cruz Cabralia,-16.28,-39.02,75.2,88,40,2.24,BR,2020-03-01 05:28:21
479,Lazaro Cardenas,17.96,-102.2,73.99,83,0,2.93,MX,2020-03-01 05:28:21
480,Sibolga,1.74,98.78,90.18,57,83,2.15,ID,2020-03-01 05:28:21
481,Shu,43.6,73.76,51.37,48,0,6.22,KZ,2020-03-01 05:28:21
482,Helsingborg,56.05,12.69,41.0,80,37,12.75,SE,2020-03-01 05:24:25
483,Baglung,28.27,83.59,53.74,30,17,7.58,NP,2020-03-01 05:28:21
484,Te Anau,-45.42,167.72,63.61,68,17,6.13,NZ,2020-03-01 05:28:22
485,Jian,27.12,114.98,62.62,74,96,7.49,CN,2020-03-01 05:28:22
486,Timra,62.49,17.33,24.01,79,100,4.7,SE,2020-03-01 05:28:22
487,Baherden,38.44,57.43,60.69,36,0,7.43,TM,2020-03-01 05:28:22
488,Tooele,40.53,-112.3,51.8,64,75,10.29,US,2020-03-01 05:26:28
489,Eydhafushi,5.1,73.07,82.15,74,4,11.27,MV,2020-03-01 05:28:23
490,Popondetta,-8.75,148.25,80.71,85,100,2.55,PG,2020-03-01 05:28:23
491,Ylivieska,64.08,24.55,21.0,87,64,1.99,FI,2020-03-01 05:28:23
492,Ulverstone,-41.15,146.17,64.99,74,100,4.0,AU,2020-03-01 05:28:23
493,Honiara,-9.43,159.95,89.6,59,20,6.93,SB,2020-03-01 05:27:08
494,Aden,12.78,45.04,79.99,58,1,7.27,YE,2020-03-01 05:28:23
495,Lasa,46.62,10.7,33.01,100,75,10.29,IT,2020-03-01 05:28:23
496,Ukiah,39.15,-123.21,48.0,61,1,5.82,US,2020-03-01 05:28:24
497,Gorele,41.03,39.0,48.2,70,75,6.93,TR,2020-03-01 05:28:24
498,Doha,25.29,51.53,69.8,73,0,4.7,QA,2020-03-01 05:25:16
499,Huron,41.15,-82.55,25.0,57,20,9.17,US,2020-03-01 05:28:24
500,Raymondville,26.48,-97.78,66.99,72,1,12.75,US,2020-03-01 05:28:25
501,Banda Aceh,5.56,95.32,91.36,50,50,9.53,ID,2020-03-01 05:28:25
502,Umm Lajj,25.02,37.27,66.4,46,26,9.37,SA,2020-03-01 05:28:25
503,Masaka,-0.33,31.73,71.46,73,45,3.04,UG,2020-03-01 05:28:25
504,Hualmay,-11.1,-77.61,71.44,81,100,3.47,PE,2020-03-01 05:28:25
505,Conde,-7.26,-34.91,78.8,88,75,5.82,BR,2020-03-01 05:28:25
506,Garachine,8.06,-78.36,78.01,79,29,18.68,PA,2020-03-01 05:28:26
507,Burns Lake,54.23,-125.75,17.46,95,0,3.31,CA,2020-03-01 05:28:26
508,Kangavar,34.5,47.97,39.2,51,20,4.7,IR,2020-03-01 05:28:26
509,Uray,60.12,64.78,30.69,88,100,10.22,RU,2020-03-01 05:28:26
510,Hay River,60.82,-115.8,-14.8,75,20,5.82,CA,2020-03-01 05:28:26
511,Manokwari,-0.87,134.08,75.45,90,99,0.56,ID,2020-03-01 05:28:26
512,Muli,2.92,73.57,82.47,72,19,12.06,MV,2020-03-01 05:28:27
513,Somerset,40.57,-74.55,30.2,45,40,6.93,US,2020-03-01 05:28:27
514,Lagos,6.58,3.75,82.4,94,20,5.82,NG,2020-03-01 05:28:27
515,Songkhla,6.83,100.67,91.4,49,20,8.05,TH,2020-03-01 05:28:27
516,Koygorodok,60.45,51.0,21.83,87,100,12.97,RU,2020-03-01 05:28:27
517,Vestmannaeyjar,63.44,-20.27,38.14,70,100,16.96,IS,2020-03-01 05:28:27
518,Korla,41.76,86.15,34.77,46,4,3.38,CN,2020-03-01 05:26:10
519,Bath,51.38,-2.36,39.99,86,96,16.11,GB,2020-03-01 05:28:28
520,Vila Franca Do Campo,37.72,-25.43,62.6,82,75,18.34,PT,2020-03-01 05:28:28
521,Cortes,41.94,-1.44,55.4,62,75,10.29,ES,2020-03-01 05:28:28
522,Bilibino,68.05,166.44,-10.21,100,100,2.51,RU,2020-03-01 05:28:29
523,Havoysund,71.0,24.66,23.0,79,100,13.87,NO,2020-03-01 05:28:29
524,Balabac,7.99,117.06,84.33,70,50,13.11,PH,2020-03-01 05:28:29
525,San Luis,-33.3,-66.34,77.65,27,0,15.68,AR,2020-03-01 05:28:30
526,Yerbogachen,61.28,108.01,10.02,92,99,6.04,RU,2020-03-01 05:28:30
527,Kamaishi,39.27,141.88,44.6,52,75,5.82,JP,2020-03-01 05:28:30
528,Ilhabela,-23.78,-45.36,74.16,91,100,20.85,BR,2020-03-01 05:28:31
529,Volot,57.93,30.7,31.75,88,100,13.0,RU,2020-03-01 05:28:31
530,Kirkwood,38.58,-90.41,43.0,74,1,6.93,US,2020-03-01 05:28:31
531,Severnoye,56.35,78.36,31.69,89,100,10.83,RU,2020-03-01 05:28:31
532,Kannur,11.87,75.36,95.56,36,68,5.17,IN,2020-03-01 05:28:31
533,Sept-Iles,50.2,-66.38,3.2,84,40,3.36,CA,2020-03-01 05:28:32
534,Novyy Urengoy,66.08,76.63,30.2,88,100,24.67,RU,2020-03-01 05:28:32
535,Dongsheng,39.82,109.98,32.18,21,0,10.83,CN,2020-03-01 05:28:32
536,Pimentel,-6.84,-79.93,66.2,29,90,11.41,PE,2020-03-01 05:28:33
537,Phetchabun,16.25,101.08,100.99,49,30,4.7,TH,2020-03-01 05:28:33
538,Baturaja,-4.13,104.17,87.22,61,100,7.25,ID,2020-03-01 05:28:33
539,Ihosy,-22.4,46.12,70.16,72,43,5.82,MG,2020-03-01 05:28:33
540,Tuatapere,-46.13,167.68,63.0,60,76,2.06,NZ,2020-03-01 05:28:33
541,Snyder,32.72,-100.92,60.01,43,1,11.41,US,2020-03-01 05:28:27
542,Guanica,17.97,-66.91,77.0,80,75,4.7,PR,2020-03-01 05:28:33
543,Amahai,-3.33,128.92,85.73,72,89,7.74,ID,2020-03-01 05:28:34
544,Kavaratti,10.57,72.64,83.55,68,100,6.62,IN,2020-03-01 05:28:34
545,Tocopilla,-22.09,-70.2,58.91,72,0,2.33,CL,2020-03-01 05:25:10
546,Boulder City,35.98,-114.83,62.01,24,1,11.45,US,2020-03-01 05:27:13
547,Prieska,-29.66,22.75,74.21,54,7,9.15,ZA,2020-03-01 05:28:34
548,Yeppoon,-23.13,150.73,87.8,52,40,9.17,AU,2020-03-01 05:28:34
549,Harwich,51.94,1.28,43.0,67,34,17.22,GB,2020-03-01 05:28:35
550,Aguimes,27.91,-15.45,62.6,77,20,14.99,ES,2020-03-01 05:28:35
551,Salinopolis,-0.61,-47.36,80.62,80,92,5.91,BR,2020-03-01 05:28:35
552,Maku,39.29,44.45,38.28,65,78,1.86,IR,2020-03-01 05:28:35
553,Ketchikan,55.34,-131.65,39.2,86,90,3.36,US,2020-03-01 05:26:56
554,Khandbari,27.37,87.2,52.47,58,7,6.26,NP,2020-03-01 05:28:36
555,La Crosse,43.8,-91.24,35.01,64,1,6.93,US,2020-03-01 05:28:36
556,Nouadhibou,20.93,-17.03,64.4,77,0,21.92,MR,2020-03-01 05:28:36
557,Zyryanka,65.75,150.85,13.35,83,0,11.43,RU,2020-03-01 05:28:36
558,Solnechnyy,50.72,136.63,20.12,90,65,3.96,RU,2020-03-01 05:28:36
559,Maningrida,-12.07,134.27,85.3,75,86,11.07,AU,2020-03-01 05:28:36
560,Haines Junction,60.75,-137.51,10.45,97,100,12.19,CA,2020-03-01 05:28:37
561,Maceio,-9.67,-35.74,77.0,88,20,2.24,BR,2020-03-01 05:28:37
562,Umm Kaddadah,13.6,26.69,69.46,14,22,22.21,SD,2020-03-01 05:28:37
563,Kapuskasing,49.42,-82.43,-7.6,76,5,4.7,CA,2020-03-01 05:28:37
564,Loukhi,66.08,33.04,9.0,81,68,3.78,RU,2020-03-01 05:28:37
565,Da Nang,16.07,108.22,87.8,66,20,9.17,VN,2020-03-01 05:28:37
566,Ganzhou,28.82,115.43,61.3,63,0,8.05,CN,2020-03-01 05:28:38
567,Baykit,61.67,96.37,14.23,83,18,1.41,RU,2020-03-01 05:28:38
568,Msowero,-6.53,37.2,73.4,100,75,9.17,TZ,2020-03-01 05:28:38
569,Ranong,9.97,98.63,91.4,52,20,9.17,TH,2020-03-01 05:28:38
570,Kalamare,-22.93,26.57,61.41,73,97,14.81,BW,2020-03-01 05:28:38
571,Vincennes,48.85,2.43,44.6,70,82,13.87,FR,2020-03-01 05:28:24
572,Kupino,54.37,77.3,30.07,83,100,14.29,RU,2020-03-01 05:28:38
573,Walvis Bay,-22.96,14.51,68.0,88,90,3.36,NA,2020-03-01 05:28:39
574,Shimoda,34.67,138.95,61.0,54,75,12.75,JP,2020-03-01 05:25:49
